{
  "rows": {
    "1": {
      "n": 1,
      "U": 50000000,
      "val_loss": 0.9301919639110565,
      "tokens_seen": 50003968,
      "canary_loss": 0.9879633784294128,
      "fresh_loss": 0.8445562720298767,
      "canary_gap": -0.14340710639953613,
      "excess": 0.0
    },
    "2": {
      "n": 2,
      "U": 25000000,
      "val_loss": 0.965467169880867,
      "tokens_seen": 50003968,
      "canary_loss": 0.961725115776062,
      "fresh_loss": 0.8425767421722412,
      "canary_gap": -0.1191483736038208,
      "excess": 0.035275205969810486
    },
    "4": {
      "n": 4,
      "U": 12500000,
      "val_loss": 0.9836592078208923,
      "tokens_seen": 50003968,
      "canary_loss": 0.7916756272315979,
      "fresh_loss": 0.8610250949859619,
      "canary_gap": 0.06934946775436401,
      "excess": 0.053467243909835815
    },
    "10": {
      "n": 10,
      "U": 5000000,
      "val_loss": 1.1508240103721619,
      "tokens_seen": 50053120,
      "canary_loss": 0.5021647810935974,
      "fresh_loss": 1.0327422618865967,
      "canary_gap": 0.5305774807929993,
      "excess": 0.22063204646110535
    },
    "20": {
      "n": 20,
      "U": 2500000,
      "val_loss": 1.8580140173435211,
      "tokens_seen": 50135040,
      "canary_loss": 0.33036869764328003,
      "fresh_loss": 1.516291856765747,
      "canary_gap": 1.185923159122467,
      "excess": 0.9278220534324646
    }
  },
  "fresh_val": 0.9301919639110565,
  "corpus": "code",
  "budget": 50000000,
  "capacity": "med",
  "seed": 2,
  "n_canary": 8,
  "canary_repeats": 4
}
