{
  "rows": {
    "1": {
      "n": 1,
      "U": 50000000,
      "val_loss": 0.9895828664302826,
      "tokens_seen": 50003968,
      "canary_loss": 1.0037559270858765,
      "fresh_loss": 0.8434247374534607,
      "canary_gap": -0.16033118963241577,
      "excess": 0.0
    },
    "2": {
      "n": 2,
      "U": 25000000,
      "val_loss": 0.9983638674020767,
      "tokens_seen": 50003968,
      "canary_loss": 0.9478936791419983,
      "fresh_loss": 0.8402356505393982,
      "canary_gap": -0.1076580286026001,
      "excess": 0.008781000971794128
    },
    "4": {
      "n": 4,
      "U": 12500000,
      "val_loss": 1.040472850203514,
      "tokens_seen": 50003968,
      "canary_loss": 0.8090773820877075,
      "fresh_loss": 0.878473162651062,
      "canary_gap": 0.06939578056335449,
      "excess": 0.050889983773231506
    },
    "10": {
      "n": 10,
      "U": 5000000,
      "val_loss": 1.2182456851005554,
      "tokens_seen": 50053120,
      "canary_loss": 0.4731636941432953,
      "fresh_loss": 1.0265253782272339,
      "canary_gap": 0.5533616840839386,
      "excess": 0.22866281867027283
    },
    "20": {
      "n": 20,
      "U": 2500000,
      "val_loss": 1.9634327590465546,
      "tokens_seen": 50135040,
      "canary_loss": 0.30432093143463135,
      "fresh_loss": 1.5429984331130981,
      "canary_gap": 1.2386775016784668,
      "excess": 0.973849892616272
    }
  },
  "fresh_val": 0.9895828664302826,
  "corpus": "code",
  "budget": 50000000,
  "capacity": "med",
  "seed": 1,
  "n_canary": 8,
  "canary_repeats": 4
}
