{
  "rows": {
    "1": {
      "n": 1,
      "U": 50000000,
      "val_loss": 0.954914852976799,
      "tokens_seen": 50003968,
      "canary_loss": 1.0008810758590698,
      "fresh_loss": 0.840078592300415,
      "canary_gap": -0.16080248355865479,
      "excess": 0.0
    },
    "2": {
      "n": 2,
      "U": 25000000,
      "val_loss": 1.0051607936620712,
      "tokens_seen": 50003968,
      "canary_loss": 0.9525204300880432,
      "fresh_loss": 0.8627011179924011,
      "canary_gap": -0.08981931209564209,
      "excess": 0.05024594068527222
    },
    "4": {
      "n": 4,
      "U": 12500000,
      "val_loss": 1.0236098915338516,
      "tokens_seen": 50003968,
      "canary_loss": 0.8134844303131104,
      "fresh_loss": 0.8685195446014404,
      "canary_gap": 0.05503511428833008,
      "excess": 0.06869503855705261
    },
    "10": {
      "n": 10,
      "U": 5000000,
      "val_loss": 1.2260341048240662,
      "tokens_seen": 50053120,
      "canary_loss": 0.480984091758728,
      "fresh_loss": 1.0536525249481201,
      "canary_gap": 0.5726684331893921,
      "excess": 0.27111925184726715
    },
    "20": {
      "n": 20,
      "U": 2500000,
      "val_loss": 1.9312434196472168,
      "tokens_seen": 50135040,
      "canary_loss": 0.3275162875652313,
      "fresh_loss": 1.5709474086761475,
      "canary_gap": 1.2434311211109161,
      "excess": 0.9763285666704178
    }
  },
  "fresh_val": 0.954914852976799,
  "corpus": "code",
  "budget": 50000000,
  "capacity": "med",
  "seed": 0,
  "n_canary": 8,
  "canary_repeats": 4
}
