{
  "rows": {
    "1": {
      "n": 1,
      "U": 50000000,
      "val_loss": 1.3085013926029205,
      "tokens_seen": 50003968,
      "canary_loss": 1.2017793655395508,
      "fresh_loss": 1.3467292785644531,
      "canary_gap": 0.14494991302490234,
      "excess": 0.0
    },
    "2": {
      "n": 2,
      "U": 25000000,
      "val_loss": 1.3135837316513062,
      "tokens_seen": 50003968,
      "canary_loss": 1.1740241050720215,
      "fresh_loss": 1.3618382215499878,
      "canary_gap": 0.1878141164779663,
      "excess": 0.00508233904838562
    },
    "4": {
      "n": 4,
      "U": 12500000,
      "val_loss": 1.329805701971054,
      "tokens_seen": 50003968,
      "canary_loss": 1.1248120069503784,
      "fresh_loss": 1.3989248275756836,
      "canary_gap": 0.2741128206253052,
      "excess": 0.021304309368133545
    },
    "10": {
      "n": 10,
      "U": 5000000,
      "val_loss": 1.3802090287208557,
      "tokens_seen": 50053120,
      "canary_loss": 1.0120761394500732,
      "fresh_loss": 1.4222193956375122,
      "canary_gap": 0.41014325618743896,
      "excess": 0.07170763611793518
    },
    "20": {
      "n": 20,
      "U": 2500000,
      "val_loss": 1.6434554159641266,
      "tokens_seen": 50135040,
      "canary_loss": 0.8036061525344849,
      "fresh_loss": 1.734493613243103,
      "canary_gap": 0.9308874607086182,
      "excess": 0.33495402336120605
    }
  },
  "fresh_val": 1.3085013926029205,
  "corpus": "wiki",
  "budget": 50000000,
  "capacity": "med",
  "seed": 0,
  "n_canary": 8,
  "canary_repeats": 4
}
