{
  "rows": {
    "1": {
      "n": 1,
      "U": 50000000,
      "val_loss": 1.2690670788288116,
      "tokens_seen": 50003968,
      "canary_loss": 1.1305807828903198,
      "fresh_loss": 1.302910566329956,
      "canary_gap": 0.17232978343963623,
      "excess": 0.0
    },
    "2": {
      "n": 2,
      "U": 25000000,
      "val_loss": 1.2827766835689545,
      "tokens_seen": 50003968,
      "canary_loss": 1.1331923007965088,
      "fresh_loss": 1.3565467596054077,
      "canary_gap": 0.22335445880889893,
      "excess": 0.013709604740142822
    },
    "4": {
      "n": 4,
      "U": 12500000,
      "val_loss": 1.2936119139194489,
      "tokens_seen": 50003968,
      "canary_loss": 1.0693297386169434,
      "fresh_loss": 1.359106421470642,
      "canary_gap": 0.28977668285369873,
      "excess": 0.024544835090637207
    },
    "10": {
      "n": 10,
      "U": 5000000,
      "val_loss": 1.3731890618801117,
      "tokens_seen": 50053120,
      "canary_loss": 0.9847155809402466,
      "fresh_loss": 1.4289811849594116,
      "canary_gap": 0.44426560401916504,
      "excess": 0.10412198305130005
    },
    "20": {
      "n": 20,
      "U": 2500000,
      "val_loss": 1.7413133084774017,
      "tokens_seen": 50135040,
      "canary_loss": 0.7392261028289795,
      "fresh_loss": 1.8348674774169922,
      "canary_gap": 1.0956413745880127,
      "excess": 0.4722462296485901
    }
  },
  "fresh_val": 1.2690670788288116,
  "corpus": "wiki",
  "budget": 50000000,
  "capacity": "med",
  "seed": 2,
  "n_canary": 8,
  "canary_repeats": 4
}
