{
  "rows": {
    "1": {
      "n": 1,
      "U": 50000000,
      "val_loss": 1.2646514773368835,
      "tokens_seen": 50003968,
      "canary_loss": 1.1450073719024658,
      "fresh_loss": 1.3381544351577759,
      "canary_gap": 0.19314706325531006,
      "excess": 0.0
    },
    "2": {
      "n": 2,
      "U": 25000000,
      "val_loss": 1.274543672800064,
      "tokens_seen": 50003968,
      "canary_loss": 1.1415650844573975,
      "fresh_loss": 1.3204963207244873,
      "canary_gap": 0.17893123626708984,
      "excess": 0.009892195463180542
    },
    "4": {
      "n": 4,
      "U": 12500000,
      "val_loss": 1.2951679527759552,
      "tokens_seen": 50003968,
      "canary_loss": 1.1034735441207886,
      "fresh_loss": 1.3766416311264038,
      "canary_gap": 0.27316808700561523,
      "excess": 0.030516475439071655
    },
    "10": {
      "n": 10,
      "U": 5000000,
      "val_loss": 1.340919554233551,
      "tokens_seen": 50053120,
      "canary_loss": 0.9489821195602417,
      "fresh_loss": 1.4190551042556763,
      "canary_gap": 0.47007298469543457,
      "excess": 0.07626807689666748
    },
    "20": {
      "n": 20,
      "U": 2500000,
      "val_loss": 1.642878144979477,
      "tokens_seen": 50135040,
      "canary_loss": 0.758230447769165,
      "fresh_loss": 1.7604151964187622,
      "canary_gap": 1.0021847486495972,
      "excess": 0.3782266676425934
    }
  },
  "fresh_val": 1.2646514773368835,
  "corpus": "wiki",
  "budget": 50000000,
  "capacity": "med",
  "seed": 1,
  "n_canary": 8,
  "canary_repeats": 4
}
