{
  "rows": {
    "1": {
      "n": 1,
      "U": 50000000,
      "val_loss": 0.9343595504760742,
      "tokens_seen": 49995776,
      "excess": 0.0
    },
    "2": {
      "n": 2,
      "U": 25000000,
      "val_loss": 0.9647858738899231,
      "tokens_seen": 49987584,
      "excess": 0.030426323413848877
    },
    "4": {
      "n": 4,
      "U": 12500000,
      "val_loss": 0.9919345080852509,
      "tokens_seen": 49971200,
      "excess": 0.057574957609176636
    },
    "10": {
      "n": 10,
      "U": 5000000,
      "val_loss": 1.1490392982959747,
      "tokens_seen": 49971200,
      "excess": 0.2146797478199005
    },
    "20": {
      "n": 20,
      "U": 2500000,
      "val_loss": 1.8514328300952911,
      "tokens_seen": 49971200,
      "excess": 0.9170732796192169
    },
    "40": {
      "n": 40,
      "U": 1250000,
      "val_loss": 3.4140226244926453,
      "tokens_seen": 49807360,
      "excess": 2.479663074016571
    }
  },
  "fresh_val": 0.9343595504760742,
  "R_free": 2,
  "n_params": 5608704,
  "budget": 50000000,
  "capacity": "med",
  "seed": 2
}
