{
  "rows": {
    "1": {
      "n": 1,
      "U": 50000000,
      "val_loss": 0.9260060340166092,
      "tokens_seen": 49995776,
      "excess": 0.0
    },
    "2": {
      "n": 2,
      "U": 25000000,
      "val_loss": 0.9381019771099091,
      "tokens_seen": 49987584,
      "excess": 0.012095943093299866
    },
    "4": {
      "n": 4,
      "U": 12500000,
      "val_loss": 0.9888248890638351,
      "tokens_seen": 49971200,
      "excess": 0.06281885504722595
    },
    "10": {
      "n": 10,
      "U": 5000000,
      "val_loss": 1.1575774550437927,
      "tokens_seen": 49971200,
      "excess": 0.23157142102718353
    },
    "20": {
      "n": 20,
      "U": 2500000,
      "val_loss": 1.785240888595581,
      "tokens_seen": 49971200,
      "excess": 0.8592348545789719
    },
    "40": {
      "n": 40,
      "U": 1250000,
      "val_loss": 3.279060661792755,
      "tokens_seen": 49807360,
      "excess": 2.353054627776146
    }
  },
  "fresh_val": 0.9260060340166092,
  "R_free": 2,
  "n_params": 5608704,
  "budget": 50000000,
  "capacity": "med",
  "seed": 3
}
