{
  "rows": {
    "1": {
      "n": 1,
      "U": 50000000,
      "val_loss": 0.9876315146684647,
      "tokens_seen": 49995776,
      "excess": 0.0
    },
    "2": {
      "n": 2,
      "U": 25000000,
      "val_loss": 0.9983963668346405,
      "tokens_seen": 49987584,
      "excess": 0.010764852166175842
    },
    "4": {
      "n": 4,
      "U": 12500000,
      "val_loss": 1.0564783215522766,
      "tokens_seen": 49971200,
      "excess": 0.06884680688381195
    },
    "10": {
      "n": 10,
      "U": 5000000,
      "val_loss": 1.2286271154880524,
      "tokens_seen": 49971200,
      "excess": 0.2409956008195877
    },
    "20": {
      "n": 20,
      "U": 2500000,
      "val_loss": 1.9333187937736511,
      "tokens_seen": 49971200,
      "excess": 0.9456872791051865
    },
    "40": {
      "n": 40,
      "U": 1250000,
      "val_loss": 3.6043225526809692,
      "tokens_seen": 49807360,
      "excess": 2.6166910380125046
    }
  },
  "fresh_val": 0.9876315146684647,
  "R_free": 2,
  "n_params": 5608704,
  "budget": 50000000,
  "capacity": "med",
  "seed": 1
}
