{
  "rows": {
    "1": {
      "n": 1,
      "U": 50000000,
      "val_loss": 0.969642847776413,
      "tokens_seen": 49995776,
      "excess": 0.0
    },
    "2": {
      "n": 2,
      "U": 25000000,
      "val_loss": 0.9940294027328491,
      "tokens_seen": 49987584,
      "excess": 0.024386554956436157
    },
    "4": {
      "n": 4,
      "U": 12500000,
      "val_loss": 1.03600013256073,
      "tokens_seen": 49971200,
      "excess": 0.06635728478431702
    },
    "10": {
      "n": 10,
      "U": 5000000,
      "val_loss": 1.2172556221485138,
      "tokens_seen": 49971200,
      "excess": 0.24761277437210083
    },
    "20": {
      "n": 20,
      "U": 2500000,
      "val_loss": 1.9255101084709167,
      "tokens_seen": 49971200,
      "excess": 0.9558672606945038
    },
    "40": {
      "n": 40,
      "U": 1250000,
      "val_loss": 3.508371889591217,
      "tokens_seen": 49807360,
      "excess": 2.538729041814804
    }
  },
  "fresh_val": 0.969642847776413,
  "R_free": 2,
  "n_params": 5608704,
  "budget": 50000000,
  "capacity": "med",
  "seed": 4
}
