{
  "rows": {
    "1": {
      "n": 1,
      "U": 50000000,
      "val_loss": 0.9455080479383469,
      "tokens_seen": 49995776,
      "excess": 0.0
    },
    "2": {
      "n": 2,
      "U": 25000000,
      "val_loss": 0.9739780277013779,
      "tokens_seen": 49987584,
      "excess": 0.028469979763031006
    },
    "4": {
      "n": 4,
      "U": 12500000,
      "val_loss": 1.0173459202051163,
      "tokens_seen": 49971200,
      "excess": 0.07183787226676941
    },
    "10": {
      "n": 10,
      "U": 5000000,
      "val_loss": 1.2080728709697723,
      "tokens_seen": 49971200,
      "excess": 0.2625648230314255
    },
    "20": {
      "n": 20,
      "U": 2500000,
      "val_loss": 1.9453583359718323,
      "tokens_seen": 49971200,
      "excess": 0.9998502880334854
    },
    "40": {
      "n": 40,
      "U": 1250000,
      "val_loss": 3.595561683177948,
      "tokens_seen": 49807360,
      "excess": 2.650053635239601
    }
  },
  "fresh_val": 0.9455080479383469,
  "R_free": 2,
  "n_params": 5608704,
  "budget": 50000000,
  "capacity": "med",
  "seed": 0
}
