{
  "rows": {
    "1": {
      "n": 1,
      "U": 50000000,
      "val_loss": 0.9240962862968445,
      "tokens_seen": 49995776,
      "excess": 0.0
    },
    "2": {
      "n": 2,
      "U": 25000000,
      "val_loss": 0.9447633773088455,
      "tokens_seen": 49987584,
      "excess": 0.020667091012001038
    },
    "4": {
      "n": 4,
      "U": 12500000,
      "val_loss": 0.9600089192390442,
      "tokens_seen": 49971200,
      "excess": 0.03591263294219971
    },
    "10": {
      "n": 10,
      "U": 5000000,
      "val_loss": 1.1333058774471283,
      "tokens_seen": 49971200,
      "excess": 0.2092095911502838
    },
    "20": {
      "n": 20,
      "U": 2500000,
      "val_loss": 1.7537481188774109,
      "tokens_seen": 49971200,
      "excess": 0.8296518325805664
    }
  },
  "fresh_val": 0.9240962862968445,
  "R_free": 4,
  "n_params": 5608704,
  "budget": 50000000,
  "capacity": "med",
  "seed": 0,
  "bytes_file": "repeated_data/code_v2_shard0.pt",
  "tag": "code_v2_shard0"
}
