{
  "rows": {
    "1": {
      "n": 1,
      "U": 50000000,
      "val_loss": 0.8938501477241516,
      "tokens_seen": 49995776,
      "excess": 0.0
    },
    "2": {
      "n": 2,
      "U": 25000000,
      "val_loss": 0.9069486260414124,
      "tokens_seen": 49987584,
      "excess": 0.013098478317260742
    },
    "4": {
      "n": 4,
      "U": 12500000,
      "val_loss": 0.9380614459514618,
      "tokens_seen": 49971200,
      "excess": 0.04421129822731018
    },
    "10": {
      "n": 10,
      "U": 5000000,
      "val_loss": 1.1552099883556366,
      "tokens_seen": 49971200,
      "excess": 0.261359840631485
    },
    "20": {
      "n": 20,
      "U": 2500000,
      "val_loss": 1.790114849805832,
      "tokens_seen": 49971200,
      "excess": 0.8962647020816803
    }
  },
  "fresh_val": 0.8938501477241516,
  "R_free": 4,
  "n_params": 5608704,
  "budget": 50000000,
  "capacity": "med",
  "seed": 0,
  "bytes_file": "repeated_data/code_v2_shard1.pt",
  "tag": "code_v2_shard1"
}
