{
  "rows": {
    "1": {
      "n": 1,
      "U": 50000000,
      "val_loss": 0.9281592667102814,
      "tokens_seen": 49995776,
      "excess": 0.0
    },
    "2": {
      "n": 2,
      "U": 25000000,
      "val_loss": 0.9405295550823212,
      "tokens_seen": 49987584,
      "excess": 0.012370288372039795
    },
    "4": {
      "n": 4,
      "U": 12500000,
      "val_loss": 0.9784889370203018,
      "tokens_seen": 49971200,
      "excess": 0.05032967031002045
    },
    "10": {
      "n": 10,
      "U": 5000000,
      "val_loss": 1.153796762228012,
      "tokens_seen": 49971200,
      "excess": 0.2256374955177307
    },
    "20": {
      "n": 20,
      "U": 2500000,
      "val_loss": 1.7702066898345947,
      "tokens_seen": 49971200,
      "excess": 0.8420474231243134
    }
  },
  "fresh_val": 0.9281592667102814,
  "R_free": 2,
  "n_params": 5608704,
  "budget": 50000000,
  "capacity": "med",
  "seed": 0,
  "bytes_file": "repeated_data/code_v2_shard2.pt",
  "tag": "code_v2_shard2"
}
