{
  "rows": {
    "1": {
      "n": 1,
      "U": 50000000,
      "val_loss": 1.3319900631904602,
      "tokens_seen": 49995776,
      "excess": 0.0
    },
    "2": {
      "n": 2,
      "U": 25000000,
      "val_loss": 1.3327779471874237,
      "tokens_seen": 49987584,
      "excess": 0.000787883996963501
    },
    "4": {
      "n": 4,
      "U": 12500000,
      "val_loss": 1.3252222537994385,
      "tokens_seen": 49971200,
      "excess": -0.0067678093910217285
    },
    "10": {
      "n": 10,
      "U": 5000000,
      "val_loss": 1.3831963241100311,
      "tokens_seen": 49971200,
      "excess": 0.05120626091957092
    },
    "20": {
      "n": 20,
      "U": 2500000,
      "val_loss": 1.6469367444515228,
      "tokens_seen": 49971200,
      "excess": 0.3149466812610626
    }
  },
  "fresh_val": 1.3319900631904602,
  "R_free": 4,
  "n_params": 5608704,
  "budget": 50000000,
  "capacity": "med",
  "seed": 0,
  "bytes_file": "repeated_data/wiki_shard2.pt",
  "tag": "wiki_shard2"
}
