{
  "rows": {
    "1": {
      "n": 1,
      "U": 50000000,
      "val_loss": 1.3197691440582275,
      "tokens_seen": 49995776,
      "excess": 0.0
    },
    "2": {
      "n": 2,
      "U": 25000000,
      "val_loss": 1.3105871677398682,
      "tokens_seen": 49987584,
      "excess": -0.009181976318359375
    },
    "4": {
      "n": 4,
      "U": 12500000,
      "val_loss": 1.3339036405086517,
      "tokens_seen": 49971200,
      "excess": 0.014134496450424194
    },
    "10": {
      "n": 10,
      "U": 5000000,
      "val_loss": 1.3860292434692383,
      "tokens_seen": 49971200,
      "excess": 0.06626009941101074
    },
    "20": {
      "n": 20,
      "U": 2500000,
      "val_loss": 1.5885717570781708,
      "tokens_seen": 49971200,
      "excess": 0.26880261301994324
    }
  },
  "fresh_val": 1.3197691440582275,
  "R_free": 4,
  "n_params": 5608704,
  "budget": 50000000,
  "capacity": "med",
  "seed": 0,
  "bytes_file": "repeated_data/wiki_shard0.pt",
  "tag": "wiki_shard0"
}
