{
  "rows": {
    "1": {
      "n": 1,
      "U": 50000000,
      "val_loss": 1.3024408519268036,
      "tokens_seen": 49995776,
      "excess": 0.0
    },
    "2": {
      "n": 2,
      "U": 25000000,
      "val_loss": 1.3129757642745972,
      "tokens_seen": 49987584,
      "excess": 0.010534912347793579
    },
    "4": {
      "n": 4,
      "U": 12500000,
      "val_loss": 1.3208275735378265,
      "tokens_seen": 49971200,
      "excess": 0.01838672161102295
    },
    "10": {
      "n": 10,
      "U": 5000000,
      "val_loss": 1.3799971044063568,
      "tokens_seen": 49971200,
      "excess": 0.07755625247955322
    },
    "20": {
      "n": 20,
      "U": 2500000,
      "val_loss": 1.601422667503357,
      "tokens_seen": 49971200,
      "excess": 0.29898181557655334
    }
  },
  "fresh_val": 1.3024408519268036,
  "R_free": 4,
  "n_params": 5608704,
  "budget": 50000000,
  "capacity": "med",
  "seed": 0,
  "bytes_file": "repeated_data/wiki_shard1.pt",
  "tag": "wiki_shard1"
}
