{
  "rows": {
    "1": {
      "n": 1,
      "U": 50000000,
      "val_loss": 1.3037561178207397,
      "tokens_seen": 49995776,
      "excess": 0.0
    },
    "2": {
      "n": 2,
      "U": 25000000,
      "val_loss": 1.3016240894794464,
      "tokens_seen": 49987584,
      "excess": -0.002132028341293335
    },
    "4": {
      "n": 4,
      "U": 12500000,
      "val_loss": 1.3210375010967255,
      "tokens_seen": 49971200,
      "excess": 0.017281383275985718
    },
    "10": {
      "n": 10,
      "U": 5000000,
      "val_loss": 1.3965128064155579,
      "tokens_seen": 49971200,
      "excess": 0.09275668859481812
    },
    "20": {
      "n": 20,
      "U": 2500000,
      "val_loss": 1.8038391768932343,
      "tokens_seen": 49971200,
      "excess": 0.5000830590724945
    }
  },
  "fresh_val": 1.3037561178207397,
  "R_free": 4,
  "n_params": 5608704,
  "budget": 50000000,
  "capacity": "med",
  "seed": 4
}
