{
 "rows": {
  "1": {
   "n": 1,
   "U": 50000000,
   "val_loss": 1.2666199505329132,
   "tokens_seen": 49995776,
   "excess": 0.0
  },
  "2": {
   "n": 2,
   "U": 25000000,
   "val_loss": 1.2790202498435974,
   "tokens_seen": 49987584,
   "excess": 0.012400299310684204
  },
  "4": {
   "n": 4,
   "U": 12500000,
   "val_loss": 1.2798869609832764,
   "tokens_seen": 49971200,
   "excess": 0.01326701045036316
  },
  "10": {
   "n": 10,
   "U": 5000000,
   "val_loss": 1.3476092517375946,
   "tokens_seen": 49971200,
   "excess": 0.0809893012046814
  },
  "20": {
   "n": 20,
   "U": 2500000,
   "val_loss": 1.672357439994812,
   "tokens_seen": 49971200,
   "excess": 0.4057374894618988
  },
  "40": {
   "n": 40,
   "U": 1250000,
   "val_loss": 3.7778207063674927,
   "tokens_seen": 49807360,
   "excess": 2.5112007558345795
  }
 },
 "fresh_val": 1.2666199505329132,
 "R_free": 4,
 "n_params": 5608704,
 "budget": 50000000,
 "capacity": "med",
 "seed": 1
}