{
  "rows": {
    "1": {
      "n": 1,
      "U": 50000000,
      "val_loss": 1.268240362405777,
      "tokens_seen": 49995776,
      "excess": 0.0
    },
    "2": {
      "n": 2,
      "U": 25000000,
      "val_loss": 1.2765374183654785,
      "tokens_seen": 49987584,
      "excess": 0.008297055959701538
    },
    "4": {
      "n": 4,
      "U": 12500000,
      "val_loss": 1.2972073554992676,
      "tokens_seen": 49971200,
      "excess": 0.0289669930934906
    },
    "10": {
      "n": 10,
      "U": 5000000,
      "val_loss": 1.369932860136032,
      "tokens_seen": 49971200,
      "excess": 0.10169249773025513
    },
    "20": {
      "n": 20,
      "U": 2500000,
      "val_loss": 1.7373054921627045,
      "tokens_seen": 49971200,
      "excess": 0.4690651297569275
    }
  },
  "fresh_val": 1.268240362405777,
  "R_free": 4,
  "n_params": 5608704,
  "budget": 50000000,
  "capacity": "med",
  "seed": 2
}
