{
 "rows": {
  "1": {
   "n": 1,
   "U": 50000000,
   "val_loss": 1.3109855651855469,
   "tokens_seen": 49995776,
   "excess": 0.0
  },
  "2": {
   "n": 2,
   "U": 25000000,
   "val_loss": 1.3030878603458405,
   "tokens_seen": 49987584,
   "excess": -0.007897704839706421
  },
  "4": {
   "n": 4,
   "U": 12500000,
   "val_loss": 1.339433491230011,
   "tokens_seen": 49971200,
   "excess": 0.02844792604446411
  },
  "10": {
   "n": 10,
   "U": 5000000,
   "val_loss": 1.3790003657341003,
   "tokens_seen": 49971200,
   "excess": 0.06801480054855347
  },
  "20": {
   "n": 20,
   "U": 2500000,
   "val_loss": 1.5763255059719086,
   "tokens_seen": 49971200,
   "excess": 0.2653399407863617
  },
  "40": {
   "n": 40,
   "U": 1250000,
   "val_loss": 3.365196466445923,
   "tokens_seen": 49807360,
   "excess": 2.054210901260376
  }
 },
 "fresh_val": 1.3109855651855469,
 "R_free": 4,
 "n_params": 5608704,
 "budget": 50000000,
 "capacity": "med",
 "seed": 0
}