{
  "rows": {
    "1": {
      "n": 1,
      "U": 50000000,
      "val_loss": 1.2902404367923737,
      "tokens_seen": 49995776,
      "excess": 0.0
    },
    "2": {
      "n": 2,
      "U": 25000000,
      "val_loss": 1.2960779070854187,
      "tokens_seen": 49987584,
      "excess": 0.005837470293045044
    },
    "4": {
      "n": 4,
      "U": 12500000,
      "val_loss": 1.3092954754829407,
      "tokens_seen": 49971200,
      "excess": 0.019055038690567017
    },
    "10": {
      "n": 10,
      "U": 5000000,
      "val_loss": 1.3765821158885956,
      "tokens_seen": 49971200,
      "excess": 0.08634167909622192
    },
    "20": {
      "n": 20,
      "U": 2500000,
      "val_loss": 1.7747417986392975,
      "tokens_seen": 49971200,
      "excess": 0.48450136184692383
    }
  },
  "fresh_val": 1.2902404367923737,
  "R_free": 4,
  "n_params": 5608704,
  "budget": 50000000,
  "capacity": "med",
  "seed": 3
}
